{"cameraMode":{"drawMode":0,"name":"Shaded","section":"Shading Mode"},"sceneLighting":false,"audioPlay":false,"sceneViewState":{"m_AlwaysRefresh":false,"showFog":true,"showSkybox":false,"showFlares":true,"showImageEffects":true,"showParticleSystems":true,"showVisualEffectGraphs":true,"m_FxEnabled":true},"in2DMode":false,"pivot":{"x":0.12534606456756593,"y":0.734247624874115,"z":3.0133275985717775},"rotation":{"x":-0.0164019912481308,"y":0.9765286445617676,"z":-0.19928452372550965,"w":-0.08045661449432373},"size":0.8346850872039795,"orthographic":false}